La HYDROXY COMPLEX,,,,,,,,,,,,
Wavelength (nm),LaHL1,LaHL2,LaHL3,NdHL1,NdHL2,NdHHL3,DyHL1,DyHL2,DyHL3,HL1,HL2,HL3
500,0.345742494,0.941114962,0.167430326,0.018460212,0.186429292,0.165707633,0.15525353,0.173880145,0.799477041,0.203811407,0.346649706,0.067584604
499,0.346005946,0.941880047,0.168293342,0.018089848,0.186587229,0.165717214,0.155411512,0.174622536,0.802765369,0.204851583,0.348544926,0.068329439
498,0.345516503,0.943599463,0.168985218,0.018428909,0.18628414,0.16606991,0.156594619,0.175292566,0.807462037,0.205324873,0.349510074,0.067969576
497,0.34608382,0.944834948,0.169099018,0.019033229,0.186675385,0.166630462,0.156700805,0.176461056,0.811000228,0.206329748,0.34941715,0.068186037
496,0.346835464,0.946508884,0.169797242,0.018621763,0.186761975,0.166760415,0.157205224,0.177401245,0.815741718,0.205643252,0.350116462,0.068287723
495,0.347138763,0.948062837,0.1708325,0.019085944,0.187257096,0.166900069,0.157639325,0.178812847,0.820858955,0.205915198,0.350559235,0.068207152
494,0.347382009,0.949202359,0.171601832,0.019129198,0.187630281,0.167599246,0.158650786,0.179829583,0.824808717,0.207252026,0.350846469,0.068757743
493,0.347769529,0.95043391,0.172276482,0.018965757,0.18804203,0.167410851,0.15938668,0.181031063,0.831072092,0.205927521,0.352018565,0.068971805
492,0.348187,0.952239335,0.173108265,0.019145483,0.18809934,0.167843655,0.160110936,0.181960389,0.835535526,0.207182229,0.35125345,0.067857496
491,0.348267913,0.953739405,0.174399734,0.019381935,0.188817933,0.168546081,0.160919726,0.183908328,0.840810001,0.207175344,0.35284099,0.069042966
490,0.347994745,0.95552969,0.174805969,0.019437831,0.189507753,0.168659613,0.162208155,0.184735775,0.845622182,0.207190156,0.353225201,0.06945952
489,0.34890011,0.956878066,0.175588936,0.019770199,0.189400211,0.168650568,0.162792966,0.186053723,0.850023329,0.208005086,0.354012609,0.069485553
488,0.350353897,0.958940566,0.176848143,0.019801274,0.189606682,0.169422776,0.163515732,0.187445819,0.855219901,0.207935631,0.354957223,0.069032982
487,0.350065768,0.960184455,0.178169057,0.019895922,0.190175176,0.169819206,0.165275917,0.188566908,0.86006707,0.208260626,0.355690152,0.070006289
486,0.350556433,0.961585045,0.178971559,0.020398963,0.190404788,0.169758394,0.16545476,0.18964687,0.864973486,0.207581252,0.356419653,0.070062712
485,0.35134247,0.962731063,0.18052654,0.020267153,0.190929323,0.170312315,0.166366652,0.191532135,0.870315731,0.209270194,0.357701182,0.070138
484,0.350516886,0.964315295,0.181160212,0.020316141,0.191342071,0.17032063,0.167475015,0.193168238,0.876067579,0.209418371,0.358256698,0.070324443
483,0.351006895,0.965843976,0.182785988,0.020570545,0.1920432,0.170304507,0.168449655,0.194494844,0.880613625,0.208627403,0.358790159,0.070680723
482,0.351046115,0.967570245,0.184104547,0.020796666,0.19156979,0.170545027,0.169051379,0.195800245,0.886630118,0.209486961,0.35835281,0.070392564
481,0.352003843,0.968654215,0.185885862,0.020681459,0.192881599,0.171107635,0.17045556,0.197118029,0.893001914,0.209435225,0.359176338,0.070989154
480,0.352003008,0.970306993,0.186310768,0.020877842,0.192841187,0.171442106,0.171204731,0.199051008,0.898372591,0.209079489,0.359718442,0.071589716
479,0.35231328,0.971836984,0.188508809,0.021302709,0.19295837,0.172033563,0.172283649,0.200028166,0.905010998,0.209336162,0.36065957,0.071519576
478,0.3528485,0.973576844,0.189630598,0.021288626,0.193489268,0.171871886,0.173648611,0.201803923,0.911801398,0.208683357,0.362084597,0.071803562
477,0.353679419,0.975202024,0.191085994,0.021342974,0.193751201,0.172018036,0.174678192,0.203660443,0.917753279,0.209056497,0.36247313,0.07275369
476,0.354023039,0.976311028,0.193096802,0.020950178,0.194107592,0.172391668,0.175457522,0.205213413,0.923820317,0.208404616,0.362968415,0.072950296
475,0.354230553,0.980113626,0.194824442,0.021996485,0.194902167,0.172367871,0.1774261,0.207118049,0.930662215,0.208935857,0.36452955,0.073357344
474,0.35514921,0.98145479,0.196556941,0.02157766,0.194889545,0.172190785,0.178372368,0.209043548,0.936273277,0.208067522,0.364968389,0.073609412
473,0.35567233,0.981737614,0.199037552,0.021347217,0.195294917,0.172614008,0.179362565,0.210579887,0.942977428,0.208602637,0.366699427,0.073505431
472,0.356124371,0.984097302,0.200870574,0.021541262,0.19561322,0.17313607,0.181350619,0.212435976,0.949455023,0.209048614,0.367270619,0.073677406
471,0.357156128,0.985627294,0.202990294,0.02155285,0.196611524,0.173399791,0.182643265,0.214490265,0.956062555,0.208553717,0.368608624,0.074214563
470,0.356810331,0.986532331,0.205084384,0.02175371,0.19636707,0.173173174,0.183778837,0.216364831,0.963419795,0.208737403,0.369333893,0.074642189
469,0.35765034,0.988891542,0.207552359,0.021666899,0.197151482,0.173640266,0.185339496,0.219303161,0.970483482,0.208278477,0.36958757,0.074812159
468,0.358111203,0.990359843,0.209687322,0.022092458,0.197034076,0.174343661,0.18659471,0.221016169,0.977234364,0.208632216,0.370322943,0.074831374
467,0.35919717,0.993231654,0.212998167,0.022195861,0.198193133,0.174443409,0.187884316,0.223104417,0.98449713,0.208720028,0.370747775,0.074821167
466,0.359898806,0.995275974,0.21503368,0.022214796,0.198243871,0.174627334,0.189809427,0.224791601,0.992282033,0.209541574,0.371955365,0.075335413
465,0.360126823,0.997512639,0.218410909,0.023022993,0.199568227,0.175069302,0.192736328,0.227047861,1.001351357,0.209630102,0.37248686,0.075655371
464,0.360250086,1.000343442,0.221700907,0.023007764,0.19986175,0.175608441,0.193262801,0.229490936,1.009885192,0.210026339,0.373494208,0.075775489
463,0.362012595,1.002710581,0.2249576,0.023192802,0.200131416,0.175333768,0.19574073,0.232351452,1.019997478,0.209542319,0.374331415,0.076639451
462,0.363066346,1.005355358,0.227946848,0.023248374,0.201037556,0.176011115,0.19731006,0.234618232,1.029258728,0.209841982,0.374893636,0.07673572
461,0.363058239,1.008908391,0.231434658,0.023538088,0.201826677,0.177199438,0.199669763,0.23741287,1.039651155,0.209253639,0.375085533,0.076972201
460,0.365091592,1.010080457,0.235167474,0.024157336,0.202872217,0.176936284,0.2023305,0.240639746,1.049581409,0.210041508,0.376336187,0.076836489
459,0.365990281,1.014324307,0.239101917,0.023405323,0.203797296,0.177179709,0.204268456,0.243290737,1.06110096,0.210529745,0.377573431,0.077553153
458,0.365841776,1.016620636,0.242835134,0.023887558,0.20465377,0.177561387,0.206504419,0.245983005,1.072090268,0.21031782,0.37809059,0.077505656
457,0.366878986,1.01971817,0.247713059,0.024077762,0.205256969,0.177603155,0.209610596,0.250419915,1.083093643,0.210409075,0.37924251,0.077598929
456,0.367578596,1.022861958,0.251812011,0.024169488,0.206002638,0.178341031,0.212677866,0.252468228,1.094044805,0.210710228,0.37991634,0.078160234
455,0.369028688,1.025708437,0.256854683,0.024542885,0.20696193,0.178067163,0.215426341,0.256275237,1.105927706,0.211261481,0.38032189,0.077873386
454,0.369799137,1.029262662,0.26143837,0.024588246,0.20822838,0.178586051,0.217638239,0.259744674,1.117561221,0.211214632,0.381472558,0.078522816
453,0.370088548,1.0319556,0.26781106,0.025299205,0.209566057,0.179097235,0.221267119,0.264397711,1.13111043,0.212522477,0.381752789,0.078374892
452,0.371878594,1.03420043,0.272378594,0.025249762,0.210050315,0.179602578,0.224287257,0.26758197,1.145627141,0.213517472,0.382776201,0.079458058
451,0.372847647,1.037768364,0.277665824,0.025314242,0.21136044,0.180429414,0.227299869,0.271092922,1.159309149,0.214220479,0.383581013,0.079447769
450,0.373311967,1.041436315,0.28423065,0.025900418,0.212197959,0.180792853,0.230905041,0.275340438,1.174214363,0.214956984,0.38478744,0.079844929
449,0.374577165,1.045424938,0.29012087,0.026571451,0.214061156,0.181254298,0.234626681,0.280479819,1.189917445,0.215793744,0.386319399,0.080372922
448,0.375787735,1.047833204,0.296046853,0.025795937,0.2150006,0.180781424,0.237944394,0.284357578,1.205754876,0.216531172,0.387125015,0.080407187
447,0.377756625,1.051720262,0.302338213,0.026867632,0.216275498,0.181624204,0.242657632,0.289050013,1.221712589,0.218133941,0.387760371,0.080973379
446,0.37927559,1.055094719,0.309821755,0.026138157,0.217243537,0.182056591,0.246388197,0.29353261,1.237772942,0.218489289,0.389347613,0.08135324
445,0.380144894,1.058225513,0.316567093,0.026305808,0.2186905,0.182509422,0.250299484,0.298762679,1.25594759,0.219278291,0.390754312,0.081728533
444,0.380879909,1.06183219,0.323402613,0.026675625,0.219859988,0.182786897,0.254933536,0.303031504,1.274634838,0.220538512,0.391423047,0.082273394
443,0.382722378,1.065989733,0.331689715,0.027378926,0.221738681,0.183466807,0.25914523,0.30836001,1.293251038,0.221321791,0.392527044,0.083023444
442,0.383752614,1.068720102,0.33924678,0.027437022,0.222896263,0.183652818,0.264540196,0.313081086,1.314128995,0.222391039,0.393811613,0.083583459
441,0.38554576,1.072725296,0.347546071,0.027461343,0.225843042,0.184131995,0.268608064,0.319957376,1.334557414,0.223102436,0.394641489,0.084018476
440,0.387290508,1.076274037,0.356331259,0.028159484,0.226308972,0.184476525,0.274002403,0.324756175,1.355131626,0.223858327,0.395721614,0.083891936
439,0.388875812,1.079817653,0.36520806,0.028339881,0.22733137,0.184959471,0.279011101,0.331511498,1.37760067,0.224044696,0.396895438,0.084156893
438,0.390400082,1.082863212,0.375435054,0.028566213,0.228761509,0.185511902,0.284419209,0.337136895,1.399350524,0.22419636,0.398069352,0.083698951
437,0.391372502,1.087643504,0.383851022,0.029094074,0.230886146,0.18571572,0.29059884,0.343993783,1.422742486,0.225537315,0.398555845,0.083691008
436,0.393147528,1.091925621,0.394909829,0.028748825,0.232756808,0.18587105,0.296417773,0.350156784,1.445735812,0.228036866,0.399288416,0.08360891
435,0.394644886,1.095248103,0.404751867,0.029142572,0.234272525,0.187325507,0.303480178,0.358078063,1.469613433,0.228800356,0.399719894,0.08364211
434,0.396223784,1.100813031,0.416044802,0.02906418,0.235731185,0.187022552,0.310048312,0.365101755,1.494101524,0.229437932,0.4004215,0.083420195
433,0.398486555,1.105441093,0.426917255,0.029223716,0.238324329,0.187329859,0.316938967,0.373259038,1.520445228,0.231487855,0.401238918,0.083512016
432,0.399630249,1.110030413,0.438167095,0.029320579,0.239022642,0.187517896,0.324003637,0.381180912,1.547860742,0.234736353,0.402393848,0.083550856
431,0.402163327,1.113804698,0.4510943,0.029823625,0.242336437,0.187312886,0.331769228,0.389203787,1.574142337,0.236002281,0.402795643,0.083696097
430,0.403452486,1.117585897,0.462707996,0.029870374,0.243614137,0.188118339,0.339316905,0.398494542,1.601507664,0.239119291,0.404390007,0.083398923
429,0.405917943,1.122498155,0.47641477,0.030051177,0.246206552,0.18863377,0.347870022,0.40751037,1.63124752,0.241915539,0.404922217,0.083594948
428,0.407908976,1.127955794,0.490047813,0.03023028,0.2484155,0.188447371,0.356142849,0.416858584,1.659125566,0.244687378,0.405625552,0.083495893
427,0.410130024,1.132367253,0.503216207,0.030502085,0.250724047,0.189296797,0.365540952,0.427254021,1.689558148,0.246583492,0.40641728,0.083828703
426,0.412119865,1.135836124,0.517609358,0.030206554,0.253087938,0.189199984,0.374219418,0.437318385,1.718542337,0.248918012,0.407785207,0.083906166
425,0.415076584,1.141755819,0.533600211,0.031535838,0.255587846,0.189807892,0.384634286,0.448239982,1.746701479,0.251059145,0.408621281,0.084518105
424,0.416137129,1.14640975,0.549881458,0.030977063,0.258741438,0.190541163,0.394067437,0.458959401,1.7757231,0.25438726,0.409955889,0.084112495
423,0.418459237,1.151857495,0.565945029,0.031232897,0.260791361,0.191027328,0.404297888,0.470539987,1.806552529,0.258535773,0.411437869,0.084598303
422,0.420565665,1.156733155,0.583004534,0.031371694,0.263755977,0.190586001,0.415877551,0.482488662,1.836809397,0.262951165,0.412636399,0.084378719
421,0.422838599,1.161424279,0.60054338,0.031890634,0.266594738,0.191623673,0.426462501,0.494855911,1.868805885,0.267561108,0.413986802,0.084417701
420,0.424424261,1.166828752,0.619789124,0.032111414,0.269401372,0.191816926,0.438245535,0.507047236,1.900822282,0.271906406,0.415472239,0.084613211
419,0.426792443,1.173585296,0.637724102,0.032359019,0.272594422,0.19195959,0.450267822,0.521280944,1.934278488,0.276345909,0.416589707,0.084843077
418,0.429557055,1.176644564,0.658992231,0.033439334,0.275661647,0.192699239,0.463140607,0.534103036,1.965570331,0.280319095,0.416520417,0.084065281
417,0.431525052,1.18204236,0.678358913,0.033289757,0.279271841,0.193252131,0.476549566,0.548722267,2.000261784,0.285449296,0.419615507,0.08585538
416,0.434052765,1.188359261,0.699375868,0.033201311,0.281688124,0.194311336,0.489982784,0.562750816,2.030814648,0.28967005,0.420746803,0.085550673
415,0.437047035,1.194226742,0.72257942,0.033223834,0.285301983,0.194019243,0.502075672,0.579341471,2.062400103,0.294462264,0.422060102,0.085916042
414,0.440338254,1.200834394,0.745247543,0.034124732,0.288659245,0.194580421,0.516628087,0.593583882,2.097401381,0.300867319,0.423660934,0.08549381
413,0.442118764,1.206039906,0.769684434,0.03434379,0.292258859,0.194787502,0.532070696,0.609813213,2.127072096,0.307475567,0.425330132,0.08581917
412,0.444717377,1.21209991,0.793691933,0.034664273,0.296381205,0.195037365,0.546556771,0.62625289,2.16478467,0.313421458,0.426990748,0.085694186
411,0.448135436,1.21934545,0.819886267,0.035532851,0.301158518,0.195181385,0.563281417,0.642980516,2.195630789,0.319916219,0.428970248,0.085678764
410,0.451195985,1.224347591,0.846920669,0.035584744,0.305859715,0.195314243,0.578934252,0.660552204,2.228909969,0.32649526,0.430438072,0.085514046
409,0.455120862,1.232620597,0.874362826,0.036672138,0.310573012,0.195692137,0.59535867,0.679269314,2.264830351,0.333469868,0.432298899,0.085630588
408,0.458228976,1.238333225,0.90257746,0.036762252,0.316048145,0.195624426,0.613121271,0.697134614,2.30100894,0.340328097,0.434198409,0.085683815
407,0.46142906,1.244942784,0.931811869,0.037254255,0.320285112,0.196782008,0.631024003,0.716121137,2.337898016,0.347627878,0.436675966,0.085574061
406,0.465075851,1.25297749,0.96168232,0.037914179,0.325404614,0.196765065,0.64869225,0.734673977,2.375155687,0.354269862,0.438666105,0.085873455
405,0.469633132,1.260341167,0.991298676,0.039489027,0.330303937,0.197478563,0.666694403,0.755098403,2.410047293,0.360815108,0.44149369,0.086245157
404,0.473534674,1.267311096,1.023029089,0.039119046,0.336006194,0.197601691,0.686595619,0.774389267,2.449155569,0.367408484,0.44383505,0.086073689
403,0.478517026,1.275637507,1.053392291,0.039709959,0.34238252,0.198188424,0.706225097,0.795446098,2.482689619,0.374471813,0.447054535,0.086417228
402,0.482732266,1.283170938,1.085057378,0.040636562,0.347657532,0.198393777,0.725388587,0.817416132,2.52286005,0.382263601,0.450457186,0.08677125
401,0.488262117,1.290457964,1.116530299,0.040949918,0.354607642,0.198919788,0.744950593,0.838022888,2.566576481,0.388921619,0.453113079,0.086889081
400,0.492746472,1.29852283,1.148480296,0.041153863,0.361585289,0.199671,0.765716016,0.859506965,2.603699684,0.395436674,0.45567286,0.087267987
399,0.497482538,1.306504726,1.179607272,0.042254854,0.368272334,0.200649887,0.78481555,0.881381869,2.637712479,0.40290764,0.45960936,0.087219566
398,0.502744079,1.314466715,1.211850762,0.043382786,0.37492159,0.200000227,0.805880904,0.903652847,2.679907084,0.409351289,0.46278739,0.087727077
397,0.50770402,1.321842313,1.243490934,0.044877697,0.38245979,0.200559214,0.826342702,0.926091373,2.719058275,0.415904462,0.46555534,0.088453196
396,0.513911843,1.330044985,1.273236394,0.043828227,0.388728321,0.20176591,0.845815599,0.946865141,2.752243757,0.422515541,0.469236732,0.088378854
395,0.519223332,1.337896347,1.304012775,0.045456093,0.39659971,0.202107623,0.867128849,0.97047776,2.799699545,0.428603381,0.472466558,0.088830292
394,0.524326682,1.345112443,1.335028291,0.046544459,0.403439552,0.202342838,0.886098802,0.990769148,2.834922075,0.435613066,0.476459473,0.089159146
393,0.529686749,1.353360891,1.365431786,0.048134603,0.410912573,0.203229919,0.905446589,1.012892365,2.864910126,0.442712873,0.480466813,0.089740656
392,0.535502672,1.361587286,1.395699382,0.048807081,0.418836832,0.202493042,0.92489183,1.03491199,2.900323868,0.448877394,0.484917224,0.089582823
391,0.540545583,1.36812067,1.42314589,0.048596703,0.427335024,0.204258218,0.944290102,1.05719769,2.916595697,0.454600543,0.489008039,0.090434194
390,0.546465397,1.376650572,1.453583837,0.049416322,0.435679674,0.20383513,0.964197755,1.077579498,2.956750631,0.461012632,0.493040502,0.090576112
389,0.552971304,1.382702112,1.483850479,0.050487597,0.443098664,0.205471054,0.982963085,1.099063873,2.972294807,0.46612072,0.497357518,0.090671755
388,0.560216904,1.39064467,1.515858054,0.0518957,0.451121688,0.205170944,1.002425909,1.121358275,2.996619701,0.470945895,0.501680136,0.091367677
387,0.56686461,1.396302104,1.542238355,0.052849256,0.460980177,0.207147658,1.022096515,1.142394423,3.030088425,0.474826455,0.505712748,0.09149766
386,0.574183106,1.40500021,1.573533058,0.053998571,0.467824251,0.206579432,1.039741755,1.165649891,3.036397457,0.478486359,0.509947479,0.09170527
385,0.582588673,1.410166144,1.600597978,0.055011082,0.477236003,0.207861319,1.057266474,1.185401082,3.045089006,0.482335776,0.513696909,0.0922103
384,0.588984191,1.417596698,1.630900621,0.057056267,0.485535979,0.207065716,1.076292992,1.208217978,3.052621126,0.486434728,0.518048108,0.092564531
383,0.596691132,1.424660683,1.65776825,0.058761396,0.494563967,0.208826065,1.096656203,1.230623603,3.072985411,0.48981905,0.522337139,0.092623644
382,0.604390383,1.4301126,1.684517384,0.059715107,0.504245877,0.208904877,1.114118695,1.251610518,3.074715853,0.493053854,0.526755214,0.093150087
381,0.612475038,1.437055826,1.713358045,0.061604995,0.514426172,0.209198982,1.132514477,1.272648931,3.083337784,0.496803343,0.530663371,0.093275659
380,0.621385038,1.441703439,1.737876058,0.062111612,0.522888839,0.209426805,1.149307728,1.297276258,3.093296051,0.498890281,0.535477221,0.09366098
379,0.63027513,1.449462891,1.762023211,0.064210132,0.533109009,0.211042255,1.166469812,1.320534587,3.115535259,0.500409782,0.539338708,0.09441492
378,0.638246834,1.45275116,1.78501606,0.065615572,0.541671336,0.211156741,1.182695031,1.34298408,3.096662045,0.502051652,0.542966783,0.094145015
377,0.648319721,1.458645225,1.804646134,0.066948354,0.550619006,0.211847767,1.197663188,1.365998387,3.112345934,0.503531694,0.546510518,0.094534874
376,0.657681525,1.463384628,1.830741763,0.067836337,0.560645998,0.211968273,1.213352084,1.389547825,3.112038851,0.504179418,0.550028265,0.095037416
375,0.667013407,1.468981743,1.850505352,0.07027185,0.568828285,0.213078201,1.230495214,1.411441565,3.114484787,0.505029321,0.553731501,0.095383257
374,0.676879287,1.472479224,1.87003088,0.070845425,0.578846395,0.212613151,1.246285081,1.437324166,3.120044947,0.506152332,0.557278872,0.095602632
373,0.687494934,1.476446033,1.88137877,0.072801717,0.585728884,0.214530304,1.260354757,1.460405707,3.103655815,0.505808473,0.560823202,0.095950536
372,0.696027517,1.479061723,1.902417779,0.075525947,0.593874633,0.212103084,1.275264621,1.483102798,3.103426456,0.505969584,0.563804925,0.096548624
371,0.707050979,1.481876731,1.924765587,0.077118196,0.604539692,0.21349521,1.290630817,1.511330485,3.101676464,0.505799294,0.567026496,0.096552767
370,0.71598357,1.485497832,1.941588759,0.079231672,0.613136649,0.213564202,1.30580616,1.539677262,3.109000921,0.505551636,0.569963634,0.096926473
369,0.728527844,1.486272216,1.965703368,0.081598848,0.622214496,0.216135353,1.321244359,1.564791918,3.106882334,0.505214691,0.573417187,0.097344264
368,0.746285141,1.509607315,1.97565937,0.090764202,0.64044404,0.220930487,1.349493146,1.611137509,2.989216805,0.504795313,0.576005757,0.098267287
367,0.752236426,1.498818159,1.985596418,0.086525045,0.642630279,0.215404838,1.35064435,1.625664115,2.999123573,0.503089249,0.57936722,0.098456144
366,0.764305532,1.504473805,2.001366615,0.088565551,0.652406216,0.215734571,1.366223335,1.659895301,3.006438732,0.501687288,0.581778944,0.098895721
365,0.776513517,1.504287124,2.021864891,0.091115654,0.663023531,0.217240587,1.385513186,1.698659301,3.008793354,0.500043452,0.583871663,0.099031523
364,0.790418863,1.50417161,2.028368711,0.096209772,0.668422282,0.218070373,1.401527166,1.726232767,2.971191883,0.49834156,0.586319506,0.09877222
363,0.806274891,1.506949902,2.050666094,0.099416286,0.681630731,0.21817787,1.416514397,1.769168496,3.001992226,0.496385366,0.588770211,0.099158704
362,0.817305803,1.503190279,2.050228834,0.101281554,0.686939418,0.219185054,1.429962873,1.802081704,2.989789963,0.493036747,0.590857148,0.099651426
361,0.83372426,1.498404622,2.06337738,0.107172169,0.696167529,0.219733149,1.45059967,1.850687146,2.960239887,0.491014779,0.592836559,0.099815212
360,0.849555314,1.495236993,2.079660892,0.109122165,0.700957894,0.21861577,1.462026834,1.891612768,2.967357397,0.487657666,0.595228672,0.10022033
359,0.866722167,1.496912956,2.074125767,0.112688333,0.709385753,0.221185088,1.484887242,1.92180109,2.987697124,0.484555423,0.597300232,0.100336783
358,0.879995704,1.483267784,2.106124878,0.116920807,0.718720198,0.221011058,1.494653583,1.974452138,2.95707345,0.481817156,0.599610925,0.100591213
357,0.894626081,1.483496308,2.089565039,0.121497251,0.730018139,0.222705931,1.51940155,2.026255608,3.020604134,0.478909075,0.600944936,0.100851603
356,0.913384259,1.482296109,2.120033264,0.12217585,0.731301248,0.22338748,1.530730009,2.058641672,2.9620924,0.476251483,0.602249801,0.101027273
355,0.928235292,1.492048264,2.117632151,0.132050932,0.738137424,0.225248709,1.557831764,2.118557453,2.980763435,0.473236889,0.603742421,0.101745531
354,0.949197292,1.504763842,2.143738985,0.132190943,0.747431696,0.225302368,1.571061492,2.160557508,3.000593901,0.470087796,0.604480982,0.101839252
353,0.975526631,1.497500181,2.162838697,0.140001312,0.754440129,0.225745171,1.592117786,2.206562519,2.944398642,0.467116714,0.605804563,0.101200827
352,0.983967722,1.506580114,2.163670301,0.142350465,0.762115181,0.225445345,1.620065928,2.26629138,2.935786009,0.464760274,0.606486619,0.102239065
351,1.003677249,1.505108118,2.143345356,0.150838301,0.778963208,0.23722671,1.62913084,2.30064249,2.932726622,0.461625695,0.607147634,0.102582425
350,1.0219841,1.505705118,2.18874526,0.156191036,0.780080199,0.229774281,1.643265247,2.348350048,3.051730156,0.459591687,0.60810107,0.103019968
349,1.034006,1.500390887,2.190236092,0.162543818,0.777317345,0.232478142,1.671579242,2.395545483,2.927194118,0.456579298,0.609067023,0.103233986
348,1.127078891,1.912529707,2.309411764,0.204645768,0.827354133,0.25459668,1.76598227,2.621563911,3.359868288,0.453721732,0.609480441,0.103549779
347,1.141496778,1.910396099,2.311362982,0.212983504,0.835622728,0.255535603,1.782491565,2.645719051,3.356292725,0.451308042,0.610655427,0.103672318
346,1.16767168,1.914391756,2.333466291,0.218801886,0.84308368,0.258182406,1.809768558,2.711474419,3.332921743,0.448516399,0.612068474,0.103458583
345,1.196779728,1.912866592,2.353004456,0.230621398,0.852727473,0.260426164,1.836570024,2.799032927,3.318300724,0.44657141,0.612357676,0.104192525
344,1.228959918,1.918881655,2.363328218,0.238842204,0.860680938,0.265509218,1.860991955,2.846070528,3.336843491,0.443659872,0.613020241,0.104407147
343,1.251662254,1.922653794,2.374620438,0.248335019,0.87120527,0.265480012,1.887657046,2.906637669,3.341512442,0.441938222,0.613629699,0.104627512
342,1.284171939,1.920357823,2.406045198,0.259995341,0.880036473,0.270473898,1.911154747,2.986460209,3.329969883,0.439391851,0.613838911,0.104470685
341,1.312233448,1.924648046,2.431161642,0.27240476,0.889174283,0.272207916,1.94559741,3.066396952,3.335737944,0.438216209,0.615218639,0.105270863
340,1.342793584,1.930949807,2.451470613,0.283477962,0.900412142,0.276608884,1.977864385,3.103667259,3.345208168,0.435400546,0.614583671,0.105652183
339,1.373273969,1.938653946,2.463208675,0.295819879,0.909287691,0.27943936,2.012248039,3.213179111,3.329982996,0.433658719,0.615243077,0.105774067
338,1.415838242,1.940676451,2.497868538,0.308851928,0.920183003,0.283656895,2.040425062,3.282053709,3.371211529,0.432500422,0.615593612,0.106164686
337,1.449675202,1.939258933,2.519901752,0.321738154,0.932518423,0.28858608,2.093348026,3.381140471,3.341286898,0.430927157,0.616128981,0.106293321
336,1.494620085,1.940449119,2.556806326,0.339428753,0.9415434,0.29336068,2.147625923,3.516384125,3.367618322,0.430220723,0.61695534,0.106842637
335,1.532475591,1.946485519,2.583286762,0.356227607,0.955775201,0.298609167,2.201097727,3.732990503,3.377321482,0.429322839,0.617268622,0.107052743
334,1.576184869,1.948611498,2.604302168,0.375714421,0.970809937,0.301470071,2.259498119,3.786484241,3.357810974,0.42848289,0.617601872,0.10767366
333,1.624686003,1.963698745,2.665610552,0.393411785,0.980214834,0.307709783,2.328071356,4.015423775,3.36774087,0.428378612,0.618504405,0.108072646
332,1.680686593,1.969172478,2.67689395,0.410752088,0.9975124,0.312791139,2.4043262,4.363996506,3.38335681,0.428069651,0.619356036,0.108598582
331,1.747525573,1.977913618,2.714998245,0.433288932,1.008041859,0.317676812,2.47215724,4.479765415,3.383699894,0.427048266,0.620022476,0.108848549
330,1.797831893,1.977486014,2.750609875,0.45683074,1.026821613,0.324517548,2.598641396,5.274590969,3.383374691,0.425392985,0.620577812,0.108892195
329,1.870220542,1.986801624,2.813094139,0.483651549,1.041774392,0.331753045,2.680603266,5.746097088,3.423969984,0.423716486,0.621021032,0.109641343
328,1.938467383,1.989247203,2.862720728,0.51180774,1.065745234,0.339996576,2.82136941,10,3.410911322,0.422198027,0.621786833,0.109617055
327,2.011945009,2.003921747,2.900912523,0.542776406,1.083558083,0.348166883,2.964972496,10,3.43810153,0.419460774,0.62255007,0.110171892
326,2.086232662,2.009252548,2.966398478,0.578519404,1.113146424,0.356027752,3.110644102,10,3.431821823,0.418250471,0.623727739,0.110604897
325,2.156601429,2.021711588,3.035016537,0.614929259,1.138564348,0.365850896,3.242422581,10,3.502851725,0.416463018,0.624140143,0.110805109
324,2.217441559,2.022371292,3.0905478,0.654705763,1.173156738,0.377644599,3.369536161,10,3.469497681,0.414120406,0.625218153,0.111824155
323,2.27977252,2.039949417,3.180517197,0.699021876,1.201736689,0.389183074,3.503320217,10,3.51256752,0.411952674,0.625758767,0.111718819
322,2.323805094,2.053249836,3.240513563,0.744536638,1.244668961,0.401066333,3.61670804,10,3.483590603,0.409650445,0.625666142,0.111944862
321,2.382808447,2.070850611,3.309495687,0.795798123,1.284685016,0.413725168,3.74840188,10,3.491364241,0.407717049,0.626285672,0.112680949
320,2.414215088,2.068890572,3.368153095,0.84944886,1.335981727,0.427419961,3.820396423,10,3.545321226,0.406590134,0.626464009,0.11292439
319,2.461047173,2.097158909,3.372410297,0.907907426,1.390260577,0.443269581,3.827024221,10,3.575066328,0.404204369,0.626543701,0.113265149
318,2.483952045,2.109347343,3.467640162,0.971771479,1.447397232,0.460520804,3.968939304,10,3.573244095,0.402101219,0.626576662,0.11377687
317,2.493463039,2.134016514,3.558914661,1.036990047,1.516286969,0.476275802,3.927336216,10,3.583440065,0.399947435,0.627146244,0.1145401
316,2.530344963,2.154503584,3.605031252,1.110564947,1.586923122,0.496934801,4.094332218,10,3.615818262,0.399094582,0.627802968,0.114459597
315,2.5412848,2.176319361,3.713392735,1.183981061,1.660565615,0.517034113,3.960247755,10,3.588273764,0.398815006,0.628965914,0.115451813
314,2.563328028,2.193696976,3.708563566,1.268260598,1.751593232,0.540106297,4.05163002,10,3.660670042,0.398087502,0.630207241,0.115289748
313,2.606541395,2.215192318,3.704976797,1.352193952,1.833530068,0.56426698,4.094079494,10,3.717697859,0.397375792,0.631383658,0.115821801
312,2.643872261,2.246144533,3.769578934,1.442742705,1.936784863,0.590874314,4.186952114,10,3.752118111,0.397516459,0.633296192,0.116548382
311,2.642642498,2.267254591,3.809142828,1.545450568,2.035555601,0.622429788,4.222736835,10,3.734370708,0.397461116,0.634373903,0.116901659
310,2.687957048,2.311129093,3.941863298,1.649270177,2.155353785,0.653144658,4.221395969,10,3.78467536,0.397557437,0.6363042,0.11729148
309,2.698837757,2.329858303,3.918771267,1.764835358,2.276132822,0.686973274,4.436469555,10,3.811697483,0.397280633,0.637427449,0.117748514
308,3.054471731,2.709561825,4.093644619,1.91479969,2.447604179,0.730692804,4.453218937,10,4.192155361,0.397487849,0.639602661,0.118273839
307,3.102101803,2.741890669,4.078219414,2.016936064,2.565913439,0.763045609,4.312066555,10,4.209795952,0.396770716,0.640783131,0.118660159
306,3.13396883,2.799968004,4.284938812,2.160069704,2.723431349,0.806956768,4.530881882,10,4.347184658,0.39702031,0.641955316,0.11865288
305,3.182806015,2.846693277,4.316077709,2.305153847,2.880019188,0.853648961,4.576203823,10,4.483978271,0.39700079,0.643794417,0.119620428
304,3.22079587,2.882802486,4.655103207,2.469172955,3.052480459,0.90569979,5.573575974,10,4.874433994,0.397865295,0.644514561,0.12008743
303,3.302301884,2.956626654,4.606720448,2.63992095,3.230856657,0.961457968,6.160317421,10,5.220221996,0.397316694,0.646045089,0.120253816
302,3.357538939,3.022225618,5.27680254,2.818833351,3.435626268,1.022892237,5.999914646,10,5.196066856,0.397578001,0.646746278,0.120286904
301,3.425766706,3.083765745,10,3.016844988,3.640970469,1.08752954,10,10,10,0.395858824,0.647985578,0.121443294
300,3.508699417,3.170977116,10,3.216224194,3.860049248,1.159443855,10,10,10,0.395177275,0.648287654,0.12122912
299,3.584863663,3.244769096,10,3.42833662,4.086389065,1.233209491,10,10,10,0.394342363,0.649584353,0.12140806
298,3.641624451,3.323029995,10,3.698447943,4.407285213,1.315526247,10,10,10,0.395213753,0.650092065,0.121946059
297,3.736018181,3.403882504,10,3.981413364,5.103172779,1.407572508,10,10,10,0.394455016,0.650296748,0.122661956
296,3.854168892,3.518056154,10,4.389158726,5.320329666,1.50601542,10,10,10,0.394600958,0.651438296,0.122203007
295,3.930727005,3.641200781,10,5.011045933,10,1.609253526,10,10,10,0.394613296,0.652128339,0.122567959
294,4.051961899,3.798113823,10,10,10,1.720148802,10,10,10,0.394616097,0.653402031,0.122704461
293,4.195128918,3.913735867,10,10,10,1.843368173,10,10,10,0.394586325,0.654854477,0.1232768
292,4.305190086,4.125684738,10,10,10,1.97657001,10,10,10,0.394799888,0.656046987,0.123971231
291,4.389558315,4.416463375,10,10,10,2.118495703,10,10,10,0.39545694,0.657759368,0.123756394
290,4.68688345,4.713804245,10,10,10,2.270354033,10,10,10,0.396556079,0.658267438,0.124269217
289,4.784306049,10,10,10,10,2.437196016,10,10,10,0.397278935,0.660143435,0.124572761
288,5.092424393,10,10,10,10,2.618268967,10,10,10,0.396658003,0.661628604,0.125546798
287,5.133730888,10,10,10,10,2.812312603,10,10,10,0.3963117,0.662915528,0.124989577
286,10,10,10,10,10,3.021801949,10,10,10,0.396037906,0.664705694,0.125331283
285,5.2329216,10,10,10,10,3.231853962,10,10,10,0.394594163,0.665875077,0.125570744
284,10,10,10,10,10,3.508438587,10,10,10,0.392961681,0.668287873,0.126848176
283,10,10,10,10,10,3.792961121,10,10,10,0.391384751,0.669264436,0.126907349
282,10,10,10,10,10,4.166757107,10,10,10,0.39155215,0.671799719,0.12733753
281,10,10,10,10,10,4.619206429,10,10,10,0.391683012,0.673389018,0.127496466
280,10,10,10,10,10,10,10,10,10,0.391364515,0.675786316,0.12817429
279,10,10,10,10,10,10,10,10,10,0.390215516,0.67804414,0.128823429
278,10,10,10,10,10,10,10,10,10,0.388499141,0.681707025,0.129368499
277,10,10,10,10,10,10,10,10,10,0.386249811,0.684183896,0.129729465
276,10,10,10,10,10,10,10,10,10,0.382924348,0.687092841,0.129807323
275,10,10,10,10,10,10,10,10,10,0.380275935,0.689954698,0.13060309
274,10,10,10,10,10,10,10,10,10,0.378299266,0.693378747,0.131036207
273,5.579229355,10,10,10,10,10,10,10,10,0.376244843,0.697058499,0.131986514
272,10,10,10,10,10,10,10,10,10,0.374002338,0.70055896,0.131993845
271,5.647352219,10,10,10,10,10,10,10,10,0.371029198,0.70357126,0.132369578
270,10,10,10,10,10,10,10,10,10,0.368766308,0.707443714,0.132971391
269,10,10,10,10,10,10,10,10,10,0.365150303,0.711381257,0.133528426
268,10,10,10,10,10,10,10,10,10,0.356036782,0.718854845,0.135017321
267,6.849975586,10,10,10,10,10,10,10,10,0.354495585,0.723380327,0.136098981
266,10,10,10,10,10,10,10,10,10,0.350898802,0.727208674,0.136515632
265,5.749106884,10,10,10,10,10,10,10,10,0.348368943,0.730244041,0.136629611
264,5.671242237,10,10,10,10,10,10,10,10,0.346014082,0.734489143,0.13729845
263,10,10,10,10,10,10,10,10,10,0.343183994,0.738428414,0.137785748
262,10,10,10,10,10,10,10,10,10,0.342450231,0.743136108,0.138389215
261,10,10,10,10,10,10,10,10,10,0.341300607,0.747452498,0.138895035
260,10,10,10,10,10,10,10,10,10,0.338827938,0.752113164,0.139314562
259,10,10,10,10,10,10,10,10,10,0.33570227,0.757205546,0.140227944
258,10,10,10,10,10,10,10,10,10,0.334831923,0.761259437,0.14083615
257,10,10,10,10,10,10,10,10,10,0.333375394,0.765390158,0.141429022
256,5.685747147,10,10,10,10,10,10,10,10,0.33197096,0.770606041,0.142095059
255,5.389613628,10,10,10,10,10,10,10,10,0.329675913,0.775499821,0.142530739
254,10,10,10,10,10,10,10,10,10,0.327364713,0.780231059,0.143285811
253,5.574776173,10,10,10,10,10,10,10,10,0.32571578,0.784863234,0.143944964
252,5.607156277,10,10,10,10,10,10,10,10,0.323835671,0.789959073,0.144711778
251,5.243343353,10,10,10,10,10,10,10,10,0.320908278,0.795352995,0.145168036
250,5.710780144,10,10,10,10,10,10,10,10,0.317134082,0.800517261,0.146019757
249,5.068640232,10,10,10,10,10,10,10,10,0.314724356,0.805625439,0.146182969
248,5.41430378,10,10,10,10,10,10,10,10,0.312929153,0.810873807,0.147375539
247,4.861780167,10,10,10,10,10,10,10,10,0.310993135,0.816021681,0.147930995
246,4.945654392,10,10,10,10,10,10,10,10,0.309276253,0.821230769,0.147975102
245,4.953155041,10,10,10,10,10,10,10,10,0.308628529,0.826923251,0.149089873
244,4.952852249,10,10,10,10,6.101603985,10,10,10,0.308161557,0.832312286,0.149364799
243,5.065928936,10,10,6.496436119,10,5.053772449,10,10,10,0.305931985,0.837395191,0.15079248
242,4.87825346,10,10,10,10,10,10,10,10,0.304561555,0.842971921,0.150760382
241,4.828876019,10,10,10,10,5.276162624,10,10,10,0.302514136,0.848415434,0.151750967
240,4.813381195,10,10,5.06243515,10,5.646483421,10,10,10,0.300386846,0.853704274,0.151781887
239,4.626852512,10,10,4.974083424,10,5.069363594,10,10,10,0.297640145,0.860086918,0.152972534
238,4.632947922,10,10,4.765209198,5.691396713,4.851421356,10,10,10,0.295594871,0.865500271,0.153897166
237,4.636318684,10,10,5.047613144,10,4.836163998,10,10,10,0.293289274,0.870526075,0.154011622
236,4.594151974,10,10,4.78802824,10,4.751447201,10,10,10,0.292383283,0.876195729,0.154660702
235,4.624573708,10,10,4.718695641,6.015329361,4.831368446,10,10,10,0.291154623,0.88156271,0.155436471
234,4.684007645,10,10,4.799841881,6.088733673,4.744771957,10,10,10,0.291398257,0.885921955,0.155863136
233,4.657809734,10,10,4.790138721,5.238094807,4.72642374,10,10,10,0.29173255,0.890212774,0.156471461
232,4.603811741,10,10,4.7878685,5.872604847,4.742602348,10,10,10,0.291610539,0.895146072,0.157080144
231,4.507552624,10,10,4.915393353,5.623036861,4.955474854,10,10,10,0.292878658,0.899804711,0.158506274
230,4.454528332,10,10,4.77271986,6.283619881,4.977082729,10,10,10,0.293115228,0.903807163,0.158351883
229,4.524107456,10,10,4.829301834,10,4.755074978,10,10,10,0.291742325,0.908100247,0.158961758
228,4.71521616,10,10,4.829825401,10,4.916810989,10,10,10,0.289742917,0.912235141,0.159484729
227,4.494218349,10,10,5.03507185,10,4.802352428,10,10,10,0.288931251,0.916664183,0.160069555
226,4.551849842,10,10,4.858026028,5.514324188,5.094780922,10,10,10,0.28927809,0.920164883,0.160583705
225,4.579557896,10,10,5.227001667,10,4.895811558,10,10,10,0.28795439,0.922699392,0.161962494
224,4.640845776,10,10,5.37234354,10,5.186061382,10,10,10,0.28669703,0.926276028,0.16209133
223,4.628129959,10,10,5.878566742,10,5.16934824,10,10,10,0.285002202,0.929200351,0.163088232
222,4.670124054,10,10,5.014050961,10,10,10,10,10,0.28441599,0.932228088,0.163397655
221,4.512586117,10,10,10,10,10,10,10,10,0.283957601,0.935166538,0.164595887
220,4.716875076,10,10,10,10,10,10,10,10,0.285528183,0.937938333,0.164983437
219,4.611483097,10,10,10,10,10,10,10,10,0.286456466,0.940424085,0.165948629
218,4.567401886,10,10,10,10,10,10,10,10,0.287844837,0.943069756,0.166918844
217,4.649810791,10,10,10,10,10,10,10,10,0.290625691,0.944596529,0.167221531
216,4.897334576,10,10,10,10,10,10,10,10,0.29082796,0.946305811,0.168194458
215,4.559545517,10,10,4.819427967,10,10,10,10,10,0.291138023,0.947796643,0.16972962
214,4.525430202,10,10,4.924084187,10,5.857450485,10,10,10,0.290289968,0.948971868,0.170225203
213,4.494243145,10,10,5.200785637,6.059975147,10,10,10,10,0.289255559,0.949857891,0.170713171
212,4.29949522,10,10,5.221198559,10,10,10,10,10,0.288637996,0.951427937,0.172167465
211,4.578629494,10,10,5.205732346,10,10,10,10,10,0.287348509,0.952805817,0.173044831
210,4.585111141,10,10,10,10,10,10,10,10,0.287354291,0.953672826,0.174175382
209,4.585364819,10,10,5.129680157,10,10,10,10,10,0.287950426,0.954072952,0.17510964
208,4.43744278,10,10,10,10,10,10,10,10,0.289067745,0.954656243,0.175532699
207,4.588572979,10,10,10,10,10,10,10,10,0.290703982,0.956419885,0.176913962
206,4.622306347,10,10,10,10,10,10,10,10,0.290563047,0.95601666,0.177534655
205,4.735982418,10,10,10,10,10,10,10,10,0.290091485,0.956854999,0.178563401
204,4.374599457,10,10,5.289556503,10,10,10,10,10,0.289575368,0.956129789,0.179679692
203,4.425545216,10,10,4.383656502,5.796970844,5.53071785,10,5.746553421,10,0.291402102,0.957012892,0.18053183
202,4.382297516,10,10,4.630593777,4.887755394,5.040705681,10,10,10,0.292185903,0.957625866,0.181737721
201,4.250182152,10,10,4.567000389,10,5.803337097,10,10,10,0.291667819,0.957247555,0.18246603
200,4.390883446,10,10,4.783236504,5.482229233,6.287233829,10,10,10,0.292691141,0.956997812,0.183589295
,,,,,,,,,,0.291924387,0.95710516,0.18461059
La HYDROXY COMPLEX,,,,,,,,,,0.292028576,0.958218157,0.185610488
La HYDROXY COMPLEX,,,,,,,,,,0.293198466,0.95704025,0.186660826
Collection Time: 10/1/2023 3:23:19 PM,,,,,,,,,,0.293237299,0.956969142,0.187794119
Operator Name  :,,,,,,,,,,0.292504549,0.956824303,0.188470572
Scan Software Version: 4.20(468),,,,,,,,,,0.293079495,0.957024753,0.190091163
Parameter List :,,,,,,,,,,0.294698596,0.956889749,0.190792173
Instrument                        Cary 300,,,,,,,,,,0.296042115,0.957162142,0.192116886
Instrument Version                12.00,,,,,,,,,,0.295601755,0.956634045,0.192818835
Start (nm)                        500.00,,,,,,,,,,0.297020346,0.956957161,0.194331348
Stop (nm)                         200.00,,,,,,,,,,0.298395813,0.95662427,0.19490321
X Mode                            Nanometers,,,,,,,,,,0.299036443,0.95713979,0.196222127
Y Mode                            Abs,,,,,,,,,,0.29877615,0.957329631,0.197111547
UV-Vis Scan Rate (nm/min)         600.000,,,,,,,,,,0.299741328,0.957371891,0.198049948
UV-Vis Data Interval (nm)         1.000,,,,,,,,,,0.300720871,0.958773375,0.200192198
UV-Vis Ave. Time (sec)            0.100,,,,,,,,,,0.301237613,0.958752215,0.200739831
UV-Vis SBW (nm)                   2.0,,,,,,,,,,0.302063286,0.959412932,0.201402277
Beam Mode                         Double,,,,,,,,,,0.303889632,0.960523665,0.203060076
Signal-to-noise Mode              Off,,,,,,,,,,0.3080239,0.9610973,0.204108179
UV Source                         On,,,,,,,,,,0.307435751,0.961983323,0.205851585
Vis Source                        On,,,,,,,,,,0.30653742,0.962714553,0.207295492
Source Changeover (nm)            350.00,,,,,,,,,,0.305534631,0.963155091,0.207786992
Baseline Correction               Off,,,,,,,,,,0.306731492,0.963469505,0.208960325
Cycle Mode                        Off,,,,,,,,,,0.306172431,0.963984251,0.210588127
Comments,,,,,,,,,,0.306331098,0.964257181,0.211995438
Method Log     :,,,,,,,,,,0.306735009,0.965113878,0.212461337
Method Name    :,,,,,,,,,,0.306929112,0.965512157,0.214525133
Date/Time stamp: 10/1/2023 3:16:12 PM,,,,,,,,,,0.306578457,0.966686726,0.216035515
Method Modifications:,,,,,,,,,,0.305474371,0.966867089,0.217616916
Autoconvert Changed: 10/1/2023 3:18:07 PM, Old:None, New:Ascii with Log,,,,,,,,0.303755879,0.967130423,0.218462065
Storage Changed: 10/1/2023 3:18:07 PM, Old:1, New:2,,,,,,,,0.304757446,0.968142569,0.22048977
X Start nm Changed: 10/1/2023 3:19:45 PM, Old: 800.00, New: 500.00,,,,,,,,0.305194974,0.96851182,0.221410483
End Method Modifications,,,,,,,,,,0.305225104,0.968812108,0.223044321
<SBW (nm)> ,2,,,,,,,,,0.304637373,0.969964922,0.224571526
<Energy> ,182,,,,,,,,,0.304284483,0.969655931,0.226153344
<Current Wavelength> ,200,,,,,,,,,0.304471672,0.97119987,0.22777997
,,,,,,,,,,0.305368543,0.971650541,0.22964859
,,,,,,,,,,0.307031632,0.97123766,0.231244952
,,,,,,,,,,0.308785111,0.972080767,0.232608408
,,,,,,,,,,0.309466571,0.971719503,0.234805867
,,,,,,,,,,0.308644146,0.971484602,0.23679331
,,,,,,,,,,0.308274031,0.972183764,0.238693282
,,,,,,,,,,0.307411283,0.97168076,0.240320101
,,,,,,,,,,0.308413357,0.972084642,0.242726117
,,,,,,,,,,0.309788495,0.970749557,0.244469479
,,,,,,,,,,0.310167402,0.971353769,0.246691346
,,,,,,,,,,0.309782267,0.972658932,0.249068379
,,,,,,,,,,0.310392171,0.971087992,0.25078699
,,,,,,,,,,0.312418759,0.971242487,0.252998859
,,,,,,,,,,0.311658949,0.971185744,0.254995793
,,,,,,,,,,0.31260249,0.970715106,0.25735718
,,,,,,,,,,0.31355083,0.97162056,0.259757608
,,,,,,,,,,0.315776378,0.972701252,0.262908727
,,,,,,,,,,0.319461674,0.971880853,0.265285671
,,,,,,,,,,0.322305471,0.972437441,0.267159641
,,,,,,,,,,0.323174149,0.973200858,0.269738942
,,,,,,,,,,0.323968917,0.975072444,0.272527367
,,,,,,,,,,0.326139838,0.974590063,0.275046408
,,,,,,,,,,0.32881394,0.97407788,0.277698904
,,,,,,,,,,0.32833612,0.975543261,0.280821651
,,,,,,,,,,0.329171419,0.975931704,0.28384915
,,,,,,,,,,0.328996182,0.976728082,0.286076397
,,,,,,,,,,0.331258357,0.978297293,0.289719373
,,,,,,,,,,0.331769645,0.980172634,0.292029381
,,,,,,,,,,0.332776159,0.982562959,0.29557395
,,,,,,,,,,0.333841205,0.984659016,0.298447579
,,,,,,,,,,0.336785823,0.986136794,0.300704986
,,,,,,,,,,0.33707872,0.989139974,0.304140955
,,,,,,,,,,0.335106552,0.99184233,0.307636976
,,,,,,,,,,0.333009213,0.993894696,0.310516298
,,,,,,,,,,0.334862977,0.997107565,0.314657867
,,,,,,,,,,0.336276442,1.000442982,0.3175686
,,,,,,,,,,0.338126183,1.003183365,0.321516842
,,,,,,,,,,0.340237796,1.007344127,0.323902667
,,,,,,,,,,0.342422783,1.011421442,0.328290939
,,,,,,,,,,0.344920695,1.016203284,0.332717896
,,,,,,,,,,0.348242402,1.020530343,0.336481243
,,,,,,,,,,0.351712078,1.025182247,0.340608567
,,,,,,,,,,0.351245582,1.030905724,0.345310152
,,,,,,,,,,0.350761861,1.036892891,0.350010365
,,,,,,,,,,0.352227956,1.043020129,0.35552001
,,,,,,,,,,0.352842182,1.050077558,0.360612512
,,,,,,,,,,0.353124857,1.057570577,0.366858184
,,,,,,,,,,0.351959646,1.066266894,0.372534692
,,,,,,,,,,0.353803635,1.074284077,0.378828168
,,,,,,,,,,0.356874049,1.084437013,0.386915058
,,,,,,,,,,0.357240439,1.094897747,0.394352615
,,,,,,,,,,0.358161688,1.105891585,0.402753413
,,,,,,,,,,0.361649394,1.118189216,0.411687791
,,,,,,,,,,0.364824623,1.129954576,0.422368765
,,,,,,,,,,0.368839055,1.144811153,0.43286565
,,,,,,,,,,0.371593118,1.161296487,0.443973601
,,,,,,,,,,0.373164445,1.177499413,0.456049025
,,,,,,,,,,0.373324245,1.196325898,0.470193148
,,,,,,,,,,0.373316079,1.216736197,0.484366298
,,,,,,,,,,0.375194758,1.238597274,0.500707805
,,,,,,,,,,0.375853896,1.262532473,0.518862784
,,,,,,,,,,0.379875362,1.289809108,0.537578106
,,,,,,,,,,0.382937074,1.317650795,0.558153331
,,,,,,,,,,0.385992825,1.348472595,0.580364227
,,,,,,,,,,0.388119906,1.382159233,0.604485154
,,,,,,,,,,0.391800225,1.417623878,0.630932212
,,,,,,,,,,0.396864444,1.456966043,0.658541977
,,,,,,,,,,0.401281506,1.49811244,0.68797034
,,,,,,,,,,0.405949056,1.544793487,0.721503079
,,,,,,,,,,0.409412295,1.589564443,0.753415585
,,,,,,,,,,0.414901614,1.641622186,0.790318131
,,,,,,,,,,0.419228226,1.695649266,0.829088092
,,,,,,,,,,0.420389801,1.751747131,0.870301008
,,,,,,,,,,0.421925575,1.813476443,0.914043129
,,,,,,,,,,0.425302893,1.877640605,0.960689724
,,,,,,,,,,0.429504871,1.943953633,1.008592606
,,,,,,,,,,0.437718034,2.013206005,1.059827089
,,,,,,,,,,0.443640441,2.086190701,1.113079548
,,,,,,,,,,0.448259383,2.162222385,1.171292424
,,,,,,,,,,0.453922659,2.242027283,1.228984714
,,,,,,,,,,0.459252626,2.32362628,1.291211724
,,,,,,,,,,0.464741707,2.410532951,1.354472995
,,,,,,,,,,0.470381856,2.49599719,1.422279716
,,,,,,,,,,0.478062272,2.590546846,1.492322564
,,,,,,,,,,0.485037565,2.683055162,1.566556454
,,,,,,,,,,0.493075311,2.786390305,1.647245646
,,,,,,,,,,0.499833733,2.861275434,1.72213614
,,,,,,,,,,0.509181738,2.951336861,1.804611325
,,,,,,,,,,0.519769788,3.046346664,1.891057491
,,,,,,,,,,0.529405296,3.13732934,1.979522943
,,,,,,,,,,0.536065996,3.207509756,2.07537508
,,,,,,,,,,0.54278338,3.274779081,2.167466402
,,,,,,,,,,0.554532528,3.352453232,2.268267155
,,,,,,,,,,0.567460358,3.422454834,2.361021996
,,,,,,,,,,0.578982532,3.4554317,2.46914649
,,,,,,,,,,0.590283871,3.398893118,2.585653782
,,,,,,,,,,0.596475303,3.395539284,2.664090157
,,,,,,,,,,0.610971928,3.444886208,2.771657467
,,,,,,,,,,0.624463618,3.441085339,2.87244153
,,,,,,,,,,0.638410449,3.478101969,2.976859093
,,,,,,,,,,0.653980076,3.460926056,3.07396245
,,,,,,,,,,0.669830799,3.451694489,3.158534527
,,,,,,,,,,0.691619575,3.504525423,3.302800655
,,,,,,,,,,0.713746131,3.480951309,3.354469061
,,,,,,,,,,0.741730511,3.453975439,3.447137356
,,,,,,,,,,0.774698675,3.520602703,3.514772415
,,,,,,,,,,0.810370028,3.444041491,3.559709072
,,,,,,,,,,0.855548561,3.53836894,3.689740658
,,,,,,,,,,0.90709573,3.464144707,3.674016714
,,,,,,,,,,0.976199925,3.451142788,3.685926676
,,,,,,,,,,1.062703371,3.489356041,3.722260475
,,,,,,,,,,1.167308807,3.496536255,3.840427637
,,,,,,,,,,1.275710702,3.490818024,3.769842148
,,,,,,,,,,1.391051054,3.378364563,3.690386534
,,,,,,,,,,1.52257967,3.412604094,3.725990295
,,,,,,,,,,2.126061916,3.487334251,3.977806091
,,,,,,,,,,2.300994635,3.479733706,3.948067904
,,,,,,,,,,2.467370987,3.498303652,3.948752165
,,,,,,,,,,2.546406746,3.491234303,4.000126362
,,,,,,,,,,2.597746849,3.538783312,4.053458691
,,,,,,,,,,2.611162424,3.559985161,4.125267029
,,,,,,,,,,2.633608818,3.523802757,4.085383415
,,,,,,,,,,2.626518726,3.481334448,4.033285618
,,,,,,,,,,2.647625685,3.5143888,4.021912575
,,,,,,,,,,2.639991283,3.532930613,4.060470581
,,,,,,,,,,2.658156157,3.547644854,4.157513142
,,,,,,,,,,2.665505886,3.627999783,4.085338593
,,,,,,,,,,2.670972109,3.566975594,4.041286945
,,,,,,,,,,2.691873312,3.520099401,4.105844975
,,,,,,,,,,2.704574347,3.571001291,4.110515594
,,,,,,,,,,2.7129457,3.558564663,4.119346142
,,,,,,,,,,2.704515457,3.549900532,4.099903584
,,,,,,,,,,2.725265026,3.560059071,4.152095795
,,,,,,,,,,2.752017021,3.576799631,4.276011467
,,,,,,,,,,2.756769896,3.568062305,4.228237629
,,,,,,,,,,2.777819157,3.548418045,4.12717247
,,,,,,,,,,2.783055305,3.542028666,4.162382126
,,,,,,,,,,2.812000513,3.546794176,4.173737526
,,,,,,,,,,2.825451612,3.54708004,4.101460457
,,,,,,,,,,2.858121157,3.582381725,4.244778156
,,,,,,,,,,2.892971277,3.554222345,4.147362232
,,,,,,,,,,2.908957243,3.560923576,4.160478592
,,,,,,,,,,2.931271315,3.585676432,4.240414619
,,,,,,,,,,2.970690489,3.568386316,4.095192909
,,,,,,,,,,2.993317604,3.616334438,4.098831177
,,,,,,,,,,3.02512598,3.562527895,4.332643509
,,,,,,,,,,3.04412055,3.647605419,4.198203087
,,,,,,,,,,3.098559618,3.633142471,4.190023899
,,,,,,,,,,3.122519493,3.597588778,4.226566792
,,,,,,,,,,3.151491642,3.59444809,4.357407093
,,,,,,,,,,3.202095032,3.631780386,4.399224758
,,,,,,,,,,3.263573885,3.649215698,4.451281071
,,,,,,,,,,3.282344341,3.610247374,4.401605129
,,,,,,,,,,3.334906816,3.645339489,4.450716496
,,,,,,,,,,3.351469517,3.647299767,4.642360687
,,,,,,,,,,3.662467003,3.622751236,4.677240372
,,,,,,,,,,3.744944096,3.639414549,4.775797844
,,,,,,,,,,3.777166128,3.630314589,4.755968094
,,,,,,,,,,3.796746016,3.629645824,4.580285072
,,,,,,,,,,3.837022066,3.642981768,4.554391861
,,,,,,,,,,3.832732916,3.607786179,4.610509396
,,,,,,,,,,3.881060123,3.635693789,4.663527489
,,,,,,,,,,3.871614933,3.619509935,4.801723957
,,,,,,,,,,3.905063391,3.612527609,4.690930367
,,,,,,,,,,3.949500084,3.633531809,4.65661335
,,,,,,,,,,3.940564871,3.607584715,4.568893909
,,,,,,,,,,3.962460279,3.613390923,4.523882389
,,,,,,,,,,3.996370077,3.615737438,4.733957767
,,,,,,,,,,4.06627512,3.606575251,4.61397171
,,,,,,,,,,4.015958309,3.625238419,4.502941608
,,,,,,,,,,4.045365334,3.601470232,4.480697155
,,,,,,,,,,4.053499222,3.607933283,4.511452675
,,,,,,,,,,4.078641415,3.603328943,4.576739311
,,,,,,,,,,4.078448772,3.657290697,4.689375877
,,,,,,,,,,4.062432766,3.639814377,4.656772614
,,,,,,,,,,4.117420673,3.626246691,4.671214104
,,,,,,,,,,4.042531013,3.595410347,4.650887489
,,,,,,,,,,4.10151577,3.612430811,4.565984726
,,,,,,,,,,4.042267799,3.597216368,4.539264679
,,,,,,,,,,4.071138382,3.630949259,4.549312115
,,,,,,,,,,4.041318417,3.593464613,4.485350609
,,,,,,,,,,4.062270641,3.5882864,4.460208893
,,,,,,,,,,4.029245853,3.593293905,4.398283005
,,,,,,,,,,4.005158424,3.604786396,4.544966221
,,,,,,,,,,4.030763149,3.596517801,4.446020126
,,,,,,,,,,4.029429436,3.597238064,4.424777985
,,,,,,,,,,4.004637718,3.59920311,4.431726933
,,,,,,,,,,4.041818142,3.565568447,4.472486973
,,,,,,,,,,4.02376461,3.589075327,4.488155365
,,,,,,,,,,3.988102913,3.560586691,4.411441803
,,,,,,,,,,4.0006814,3.58755064,4.604166985
,,,,,,,,,,4.06157589,3.595842361,4.597914219
,,,,,,,,,,4.058649063,3.607542992,4.536886215
,,,,,,,,,,4.059810638,3.597850323,4.639748096
,,,,,,,,,,4.017167091,3.608609438,4.549850464
,,,,,,,,,,4.03580761,3.580692768,4.575438023
,,,,,,,,,,4.021196365,3.586936712,4.590602398
,,,,,,,,,,4.011058331,3.582862854,4.42769146
,,,,,,,,,,4.021071434,3.548389435,4.507576466
,,,,,,,,,,4.067574978,3.580370665,4.433597088
,,,,,,,,,,4.010932446,3.562578678,4.456251621
,,,,,,,,,,4.030830383,3.567593575,4.4328022
,,,,,,,,,,4.013530254,3.583583832,4.401995659
,,,,,,,,,,3.971775055,3.572664738,4.438826084
,,,,,,,,,,3.977438688,3.561706066,4.349299908
,,,,,,,,,,3.979519844,3.555332899,4.382386684
,,,,,,,,,,3.996788502,3.557547331,4.393316746
,,,,,,,,,,3.955845118,3.549644947,4.349647522
,,,,,,,,,,3.984318495,3.557636976,4.388016224
,,,,,,,,,,3.973098278,3.551932573,4.318388462
,,,,,,,,,,3.973342896,3.530889273,4.325247765
,,,,,,,,,,3.952126265,3.541287661,4.32927227
,,,,,,,,,,3.932952404,3.520865202,4.295506001
,,,,,,,,,,3.944815874,3.54034996,4.279319763
,,,,,,,,,,3.930000305,3.525768757,4.291269779
,,,,,,,,,,3.940838814,3.524478197,4.277965069
,,,,,,,,,,3.925421476,3.518182278,4.272154808
,,,,,,,,,,3.918404341,3.516798258,4.30804491
,,,,,,,,,,3.919412851,3.529794931,4.238092899
,,,,,,,,,,3.936918736,3.523765802,4.273693085
,,,,,,,,,,3.917092085,3.506829739,4.262036324
,,,,,,,,,,3.911872864,3.500423431,4.205753326
,,,,,,,,,,3.885505676,3.496045828,4.27150774
,,,,,,,,,,3.860582352,3.503111362,4.226712704
,,,,,,,,,,3.850281954,3.49953866,4.218228817
,,,,,,,,,,3.849055767,3.515503168,4.178675175
,,,,,,,,,,3.862212181,3.484819651,4.217778683
,,,,,,,,,,3.862238884,3.496709824,4.273356438
,,,,,,,,,,3.858545542,3.501647711,4.222382069
,,,,,,,,,,3.835586786,3.495062351,4.160937309
,,,,,,,,,,3.834677935,3.507830143,4.19945097
,,,,,,,,,,3.817342043,3.488009453,4.200391769
,,,,,,,,,,3.845215321,3.490697622,4.215269089
,,,,,,,,,,3.855187416,3.480201721,4.221137047
,,,,,,,,,,3.857341766,3.489319086,4.280704975
,,,,,,,,,,3.827729464,3.48175621,4.225353241
,,,,,,,,,,3.844712734,3.47149682,4.218929768
,,,,,,,,,,3.840432882,3.469120741,4.229181767
,,,,,,,,,,3.834516764,3.472718239,4.223748684
,,,,,,,,,,3.837711811,3.482209206,4.282745838
,,,,,,,,,,3.846699953,3.485963821,4.275002956
,,,,,,,,,,3.867149115,3.463567257,4.291800499
,,,,,,,,,,3.892378807,3.491075039,4.271677017
,,,,,,,,,,3.884878397,3.485608578,4.349131107
,,,,,,,,,,3.861449242,3.478434086,4.366908073
,,,,,,,,,,3.9039464,3.483462811,4.365522861
,,,,,,,,,,3.942729712,3.502661467,4.319992542
,,,,,,,,,,3.904707909,3.479694128,4.414652824
,,,,,,,,,,3.915107489,3.467999697,4.38601923
,,,,,,,,,,3.987324953,3.507936954,4.464961052
,,,,,,,,,,3.862668037,3.496043921,4.311727524
,,,,,,,,,,3.808446407,3.463905334,4.151868343
,,,,,,,,,,3.831018448,3.441903591,4.175839901
,,,,,,,,,,3.776240826,3.419308662,4.156628609
,,,,,,,,,,3.789088488,3.432342529,4.192224503
,,,,,,,,,,3.821354628,3.457971096,4.206433773
,,,,,,,,,,3.838470459,3.48684144,4.253000259
,,,,,,,,,,3.802500486,3.435604334,4.186381817
,,,,,,,,,,3.885284662,3.480334282,4.319478512
,,,,,,,,,,3.861717463,3.486847401,4.250991344
,,,,,,,,,,3.823224068,3.458617926,4.31045723
,,,,,,,,,,3.84095788,3.42728734,4.319528103
,,,,,,,,,,3.802757263,3.406764269,4.129603386
,,,,,,,,,,3.749461412,3.433495522,4.051969051
